,catid,type
0,6821,3
1,6837,3
2,7139,1
3,7206,2
4,7289,0.5
5,7715,0.5
6,7839,0.5
7,7841,1.5
8,7946,2
9,7969,0.5
10,7992,1
11,8319,3
12,8353,3
13,8391,-9
14,8404,3
15,8485,3
16,8487,0.5
17,8488,0
18,8490,-9
19,8562,3
20,8570,3
21,8703,2
22,8706,2
23,8865,0
24,8913,3
25,9032,0.5
26,9062,1
27,9067,2.5
28,9112,3
29,9115,3
30,9163,3
31,9352,2.5
32,14552,1
33,14555,3
34,14697,2
35,14753,2
36,14812,2.5
37,15165,0.5
38,15218,3
39,15220,3
40,15481,0
41,15847,3
42,15898,2
43,16022,0.5
44,16026,2.5
45,16242,1.5
46,16294,3
47,16310,3
48,16317,1
49,16382,0.5
50,16392,-9
51,16426,3
52,16429,-9
53,16430,3
54,16445,3
55,16487,2.5
56,16525,0
57,16526,0
58,16828,3
59,16863,3
60,16920,-9
61,16926,1
62,16948,3
63,17273,3
64,17314,2
65,17390,0.5
66,21836,3
67,21979,3
68,22121,-9
69,22175,3
70,22178,3
71,22582,0.5
72,22595,1
73,22633,3
74,22839,3
75,22862,3
76,22887,2
77,22932,3
78,23070,1
79,23075,1.5
80,23082,0
81,23117,1.5
82,23225,1.5
83,23259,2.5
84,23265,0
85,23337,2.5
86,23341,0
87,23519,3
88,23565,2
89,23578,3
90,23591,3
91,23593,3
92,23619,1.5
93,23623,1
94,23669,3
95,23737,3
96,23865,3
97,23868,3
98,24013,2.5
99,24414,3
100,24433,3
101,28654,3
102,28738,3
103,28860,3
104,30346,2
105,30361,1
106,30377,3
107,30469,0.5
108,30472,3
109,30615,0.5
110,30784,3
111,30786,2
112,30847,0.5
113,30890,3
114,30913,-9
115,30914,3
116,30916,2.5
117,31079,2
118,31129,3
119,31353,-9
120,31448,1
121,31452,3
122,31509,3
123,31620,2
124,31623,0.5
125,31725,3
126,31740,3
127,31912,1.5
128,31939,2.5
129,32136,3
130,32196,0
131,32249,3
132,32274,3
133,32295,3
134,32322,3
135,32362,2
136,36880,1
137,36894,3
138,36923,3
139,37050,3
140,37064,2
141,39057,0
142,39108,3
143,39131,3
144,39145,2.5
145,39365,2
146,39475,1
147,39539,3
148,39594,3
149,39671,-9
150,39709,1.5
151,39742,3
152,40164,2
153,40197,1.5
154,40278,2
155,40283,3
156,40403,1
157,40419,1.5
158,40420,3
159,40445,0
160,40453,3
161,40482,3
162,40491,0.5
163,40765,2.5
164,40916,3
165,41059,0
166,41075,3
167,41143,1
168,41144,2
169,41164,3
170,41173,3
171,41180,0
172,41274,0.5
173,41277,1.5
174,41302,1.5
175,41354,3
176,47152,0
177,47224,3
178,47245,3
179,47254,0
180,47258,1.5
181,47286,3
182,47293,1
183,47342,2.5
184,47460,2
185,47493,3
186,47500,3
187,47535,3
188,47652,3
189,47674,1
190,48016,2.5
191,48049,1.5
192,48432,2
193,48470,0
194,48506,2.5
195,48548,0.5
196,48681,1
197,48740,3
198,48969,3
199,49204,3
200,49670,3
201,49677,3
202,49702,2.5
203,49728,3
204,49730,3
205,49734,1
206,49753,3
207,49755,3
208,49784,1
209,49840,3
210,49857,3
211,53770,3
212,53771,3
213,53809,3
214,53977,3
215,54102,3
216,54198,2
217,54202,0
218,54270,0
219,54359,2.5
220,54375,2.5
221,54382,3
222,54455,3
223,54500,0.5
224,54848,3
225,54850,1.5
226,54895,3
227,54918,0
228,54921,0
229,54938,3
230,54957,2
231,55124,3
232,55143,0
233,55150,3
234,55160,3
235,55227,3
236,55245,2.5
237,55287,3
238,55346,3
239,55367,3
240,55372,3
241,55537,2.5
242,55648,3
243,55684,3
244,55905,3
245,56055,-9
246,56061,3
247,56064,2
248,56140,1
249,56181,0
250,56183,3
251,62145,3
252,62239,0
253,62244,0
254,62412,3
255,62435,3
256,62593,3
257,62718,3
258,63027,1.5
259,63210,1.5
260,63276,2
261,63302,2.5
262,63305,1.5
263,63389,2.5
264,63777,2.5
265,63779,2.5
266,63780,1.5
267,63855,3
268,63997,2
269,64087,2.5
270,64553,3
271,64646,1.5
272,64758,3
273,65237,3
274,65278,3
275,65355,3
276,65359,3
277,65384,2
278,65395,2.5
279,65406,2
280,65408,0
281,65410,0.5
282,69462,3
283,69513,3
284,69535,3
285,69620,3
286,69653,3
287,69740,-9
288,69752,2
289,69822,2
290,69844,3
291,69864,3
292,69986,2
293,70022,0.5
294,70107,3
295,70114,0
296,70403,2
297,70532,1.5
298,70640,0.5
299,70670,0
300,70719,2.5
301,70777,3
302,70802,0
303,70808,0
304,70929,2.5
305,71099,3
306,71117,3
307,71146,3
308,71178,0.5
309,71269,3
310,71352,0
311,71382,3
312,77226,1.5
313,77227,2
314,77373,3
315,77445,3
316,77446,2
317,77452,3
318,77710,1.5
319,77754,2
320,77845,3
321,77967,3
322,78355,1.5
323,78406,3
324,78425,2.5
325,78523,2.5
326,78530,0.5
327,78531,2
328,78634,1
329,78667,3
330,78791,3
331,78827,1.5
332,78921,3
333,79098,3
334,79329,3
335,79335,3
336,79444,2.5
337,79529,3
338,79601,3
339,79635,2.5
340,79670,3
341,79689,-9
342,79690,3
343,79693,1.5
344,79706,0
345,79710,3
346,79711,1
347,79712,3
348,79733,0.5
349,79734,3
350,79750,0
351,79771,3
352,79810,0
353,79850,-9
354,79866,0
355,84048,3
356,84073,1.5
357,84106,0.5
358,84107,2.5
359,84209,0
360,84677,2
361,84680,1
362,84734,0.5
363,84900,2
364,85205,0
365,85239,1.5
366,85280,2
367,85416,2
368,85418,2
369,85423,3
370,85464,3
371,85474,3
372,85479,2.5
373,85481,3
374,85505,2
375,85507,3
376,85559,0
377,85667,0
378,85707,1.5
379,85919,3
380,86115,3
381,86116,3
382,91510,3
383,91545,0
384,91568,0.5
385,91579,3
386,91589,2
387,91627,2.5
388,91686,1
389,91689,0
390,91691,0.5
391,91692,2.5
392,91697,0.5
393,91924,2
394,91926,1.5
395,91959,1.5
396,91961,0.5
397,91963,0
398,91988,0.5
399,91989,0
400,91996,1.5
401,91999,-9
402,92592,1
403,92676,3
404,92739,1.5
405,92770,-9
406,92773,0
407,92818,3
408,92944,3
409,93020,1.5
410,93023,2
411,93062,2
412,93167,3
413,93259,3
414,93354,2.5
415,93384,3
416,93604,3
417,93674,2.5
418,93803,0
419,93807,0
420,93832,3
421,93885,3
422,97915,0.5
423,98097,1
424,98143,3
425,98652,3
426,98880,0
427,99259,3
428,99326,3
429,99349,2
430,99393,2
431,99410,3
432,99428,0
433,99430,3
434,99464,3
435,99511,3
436,99513,3
437,99687,1.5
438,99742,1.5
439,99795,3
440,100162,3
441,100175,3
442,100192,3
443,105420,2
444,105447,1.5
445,105519,1
446,105573,3
447,105597,2
448,105600,3
449,105738,1
450,105962,3
451,106016,1
452,106042,3
453,106047,1.5
454,106049,3
455,106065,3
456,106331,3
457,106343,3
458,106376,3
459,106389,2
460,106507,3
461,106549,0.5
462,106616,3
463,106634,2.5
464,106638,2
465,106717,3
466,106810,1.5
467,106839,1
468,106908,2.5
469,107135,1
470,107137,0.5
471,107214,3
472,107259,3
473,107395,3
474,107454,-9
475,107503,2.5
476,107509,2
477,107528,0
478,107594,3
479,107799,3
480,107824,2
481,107826,-9
482,136232,1.5
483,136238,0.5
484,136240,3
485,136263,2
486,136308,1.5
487,136594,3
488,136602,0
489,136605,0
490,136616,1
491,136624,1
492,136626,3
493,136672,3
494,136688,2
495,136799,-9
496,136841,1
497,136842,0
498,136847,1.5
499,136856,-9
500,136866,2.5
501,136871,0.5
502,136880,1.5
503,136881,1.5
504,136894,3
505,136917,3
506,136918,3
507,136966,3
508,136980,3
509,137037,0.5
510,137071,3
511,137155,3
512,137328,1.5
513,137350,3
514,137455,3
515,137789,3
516,137809,2
517,137838,0
518,137841,1
519,137847,3
520,138047,3
521,138065,3
522,138066,3
523,138094,3
524,138132,3
525,138161,3
526,138291,-9
527,138381,3
528,139123,1.5
529,143148,3
530,143227,1.5
531,143287,1
532,143291,0
533,143388,3
534,143446,3
535,143499,3
536,143547,0.5
537,143605,2.5
538,143735,0.5
539,143736,1.5
540,143746,1.5
541,143750,3
542,143814,3
543,143918,1
544,144051,2
545,144073,3
546,144127,3
547,144176,3
548,144178,3
549,144197,3
550,144236,3
551,144239,3
552,144243,3
553,144320,-9
554,144327,2
555,144335,1
556,144338,3
557,144402,2.5
558,144465,5
559,144480,3
560,144491,3
561,144497,-9
562,144498,1
563,144640,1
564,144682,5
565,144690,1.5
566,144846,3
567,145073,3
568,145267,-9
569,145462,3
570,145583,3
571,145729,1.5
572,176868,-9
573,176934,3
574,176955,2.5
575,176969,3
576,176991,3
577,177010,1.5
578,177046,3
579,177081,3
580,177100,1.5
581,177143,2
582,177232,1
583,177297,-9
584,177303,2
585,177326,3
586,177354,3
587,177481,3
588,177518,3
589,177969,0
590,178149,3
591,178190,1
592,178197,2
593,178210,3
594,178290,3
595,178300,3
596,178481,3
597,178578,3
598,178580,3
599,178585,3
600,178865,3
601,179566,3
602,179584,2.5
603,179588,2
604,179665,3
605,183932,3
606,184042,0
607,184046,0
608,184122,2
609,184202,1
610,184230,3
611,184234,3
612,184237,3
613,184268,2
614,184281,3
615,184283,3
616,184354,3
617,184366,1.5
618,184368,2
619,184370,3
620,184415,3
621,184648,0
622,184689,1.5
623,184718,3
624,184834,3
625,185085,1
626,185190,3
627,185224,1
628,185252,3
629,185282,2
630,185291,3
631,185298,3
632,185365,0.5
633,185376,3
634,185510,3
635,185532,3
636,185557,3
637,185567,0.5
638,185569,3
639,185622,3
640,185795,3
641,185863,3
642,185914,0.5
643,186012,0
644,186380,3
645,186406,3
646,186467,-9
647,186470,1
648,186573,1.5
649,186717,3
650,186742,3
651,186803,2.5
652,186833,3
653,186861,3
654,197419,3
655,197555,2
656,197843,3
657,197866,2
658,198343,1
659,198503,3
660,198591,3
661,198631,1
662,198771,3
663,198817,2
664,202309,3
665,202354,3
666,202360,2
667,202373,3
668,202398,2
669,202399,1
670,202443,2
671,202464,1.5
672,202480,0.5
673,202531,2.5
674,202636,3
675,202673,2.5
676,202745,1.5
677,203037,3
678,203114,2
679,203140,1
680,203148,3
681,203609,3
682,203684,3
683,203729,2.5
684,203833,0
685,203998,3
686,204093,1
687,204096,3
688,204490,2
689,204799,2
690,204832,0
691,204836,-9
692,204868,5
693,204876,3
694,204877,0
695,204906,2
696,204983,1
697,205020,1.5
698,205085,0
699,205086,0
700,205089,1
701,205097,2
702,205151,2.5
703,205161,1
704,205166,1.5
705,205168,1
706,205208,1
707,205211,0.5
708,208520,3
709,208589,2
710,208612,3
711,208652,0
712,208781,3
713,208876,1
714,208892,3
715,209181,3
716,209185,0.5
717,209279,3
718,209319,3
719,209414,3
720,209664,3
721,209680,0
722,209697,2
723,209698,2
724,209701,2
725,209708,3
726,209743,3
727,209807,2
728,210060,3
729,210070,-9
730,210228,1.5
731,210375,1
732,210467,0
733,210567,3
734,210611,2
735,210660,2
736,210781,3
737,210808,3
738,210909,3
739,214182,3
740,214184,1.5
741,214211,0.5
742,214245,3
743,214250,0
744,214295,1.5
745,214363,1
746,214462,3
747,214860,3
748,214895,1
749,215053,2
750,215289,0
751,215292,3
752,215335,2
753,215579,2
754,215698,3
755,216111,2
756,216143,3
757,216149,1
758,216155,2.5
759,216184,0
760,216396,1
761,216401,-9
762,216532,3
763,216670,2
764,216843,3
765,218681,3
766,218713,1.5
767,218717,3
768,219992,1
769,220112,0
770,220126,3
771,220170,3
772,220217,2.5
773,220218,0
774,220227,-9
775,220275,3
776,220319,3
777,220320,3
778,220326,2
779,220328,1
780,220330,2.5
781,220332,2.5
782,220355,3
783,220371,3
784,220372,3
785,220374,2.5
786,220375,3
787,220383,3
788,220394,1
789,220396,1.5
790,220437,0
791,220439,3
792,220450,3
793,220465,0.5
794,220499,1
795,220502,1
796,220515,3
797,220578,3
798,220687,3
799,220750,3
800,220751,3
801,220951,3
802,221014,1.5
803,221050,3
804,221052,1.5
805,221194,3
806,221369,3
807,221375,3
808,221432,3
809,227036,3
810,227079,3
811,227123,2
812,227134,3
813,227168,3
814,227176,3
815,227223,3
816,227230,3
817,227264,1.5
818,227266,0
819,227278,1
820,227289,3
821,227290,5
822,227317,3
823,227351,2.5
824,227371,3
825,227407,3
826,227428,2.5
827,227572,3
828,227607,2
829,227611,1
830,227614,2
831,227617,0
832,227618,2.5
833,227673,3
834,227905,1
835,227961,2.5
836,227970,3
837,228066,1.5
838,228086,3
839,228104,-9
840,228105,2
841,228278,3
842,228349,2.5
843,228428,3
844,228432,3
845,228433,3
846,228564,2
847,228570,2
848,228575,-9
849,228608,2.5
850,228708,0
851,228740,2
852,228767,-9
853,229097,3
854,229163,2
855,229164,0.5
856,229167,2.5
857,229220,-9
858,229263,3
859,229335,3
860,229369,3
861,229461,3
862,230174,3
863,230421,1
864,230455,0.5
865,230556,0
866,230560,3
867,230567,1
868,230634,2
869,230683,0
870,230714,2.5
871,230719,3
872,230774,3
873,230776,0
874,230777,-9
875,230786,0
876,230787,0
877,230789,0.5
878,230793,1
879,230796,-9
880,230797,0
881,230813,3
882,230829,3
883,230836,2
884,230837,-9
885,230880,1
886,230884,3
887,230898,-9
888,230901,3
889,231024,3
890,231528,1.5
891,237990,3
892,238072,3
893,238080,3
894,238085,3
895,238094,3
896,238125,3
897,238131,3
898,238164,3
899,238203,1.5
900,238204,2
901,238211,0
902,238212,0
903,238213,1.5
904,238214,0.5
905,238216,1.5
906,238221,3
907,238276,1
908,238282,1
909,238325,0.5
910,238328,3
911,238350,2
912,238351,2
913,238358,2
914,238360,3
915,238369,2.5
916,238395,3
917,238398,-9
918,238406,3
919,238412,1
920,238453,0.5
921,238458,0
922,238496,1.5
923,238500,0
924,238922,0
925,239092,3
926,239109,2
927,239172,3
928,239249,3
929,239292,0.5
930,239376,3
931,239490,3
932,239560,2.5
933,240108,3
934,240202,3
935,240205,3
936,240227,2.5
937,240263,2.5
938,240352,1.5
939,240432,2
940,240449,3
941,250179,-9
942,250183,0.5
943,250192,1.5
944,250243,0
945,250277,3
946,250466,2.5
947,250473,2
948,251297,3
949,251367,3
950,251887,2
951,252005,2
952,252008,-9
953,252021,2
954,252057,0.5
955,252074,3
956,252091,3
957,271385,2
958,271387,1
959,271431,1.5
960,271455,2
961,271465,3
962,271481,1.5
963,271538,0.5
964,271562,3
965,271610,1.5
966,272190,0
967,272298,2
968,272439,1
969,272443,2
970,272488,0.5
971,272543,3
972,272571,3
973,272667,3
974,272748,3
975,272820,0
976,272822,3
977,272831,0.5
978,272833,0.5
979,272990,0.5
980,272995,1.5
981,272996,3
982,273092,3
983,273242,3
984,273256,1.5
985,273296,3
986,273309,3
987,273336,1
988,273514,3
989,273577,3
990,273654,1
991,273750,3
992,273845,0
993,273850,1
994,273889,1.5
995,273925,3
996,273951,3
997,273952,3
998,273966,-9
999,273976,-9
1000,273986,3
1001,278074,3
1002,278109,1.5
1003,278350,0.5
1004,278390,2
1005,278548,3
1006,278554,3
1007,278643,3
1008,278684,3
1009,278702,3
1010,278703,3
1011,278736,1.5
1012,278741,3
1013,278760,3
1014,278773,5
1015,278787,3
1016,278802,1.5
1017,278804,1.5
1018,278812,3
1019,278826,3
1020,278840,0.5
1021,278846,3
1022,278855,3
1023,278909,3
1024,278995,3
1025,279066,3
1026,279148,2.5
1027,279160,3
1028,279261,2.5
1029,279818,3
1030,279840,1
1031,279878,0
1032,279886,3
1033,279891,3
1034,279905,0.5
1035,279910,0.5
1036,279917,3
1037,279932,0
1038,279943,3
1039,287692,0.5
1040,287824,2.5
1041,287827,1.5
1042,288364,3
1043,288424,3
1044,288461,3
1045,288679,1
1046,288694,0.5
1047,288756,-9
1048,288777,3
1049,288801,5
1050,288803,0
1051,288851,2
1052,288891,-9
1053,288903,3
1054,288904,2.5
1055,288923,-9
1056,288982,1
1057,288989,2.5
1058,288992,2
1059,288999,3
1060,289085,-9
1061,289089,1
1062,289095,-9
1063,289096,0.5
1064,289097,1.5
1065,289102,1
1066,289107,3
1067,289109,-9
1068,289112,-9
1069,289113,1
1070,289116,3
1071,289118,1.5
1072,289168,0.5
1073,289170,1
1074,289176,-9
1075,289185,3
1076,289194,-9
1077,289197,1.5
1078,289198,1.5
1079,289200,3
1080,289217,3
1081,289279,3
1082,289427,3
1083,289429,3
1084,289957,1.5
1085,290052,3
1086,290071,3
1087,290323,1
1088,290328,2
1089,290396,3
1090,290423,3
1091,296599,3
1092,296638,2
1093,296639,2.5
1094,296677,1.5
1095,296685,3
1096,296713,3
1097,296725,2.5
1098,296742,3
1099,296798,2.5
1100,296829,1.5
1101,296847,3
1102,296848,3
1103,296927,1
1104,296934,2.5
1105,297053,1.5
1106,297557,3
1107,297633,2.5
1108,297667,2.5
1109,297694,3
1110,297705,3
1111,298042,3
1112,298106,3
1113,298114,2.5
1114,298190,3
1115,298572,2.5
1116,298590,0
1117,298591,1.5
1118,298612,3
1119,298665,3
1120,298666,2.5
1121,298738,3
1122,298862,2.5
1123,298888,3
1124,298980,-9
1125,300350,3
1126,300372,-9
1127,300406,0.5
1128,300411,0
1129,300477,3
1130,300613,3
1131,300659,0
1132,300691,0
1133,300787,1
1134,300821,3
1135,300887,3
1136,301098,3
1137,301191,1.5
1138,301199,1.5
1139,301201,1.5
1140,301346,2.5
1141,301381,2.5
1142,301382,3
1143,301519,0
1144,301799,-9
1145,301885,3
1146,301893,-9
1147,301937,0.5
1148,301994,1
1149,302006,3
1150,302657,3
1151,302684,1
1152,302810,2.5
1153,302846,3
1154,302973,3
1155,302994,3
1156,303099,2
1157,318936,3
1158,319018,3
1159,319020,3
1160,319049,2.5
1161,319057,3
1162,319059,1
1163,319060,1
1164,319064,2.5
1165,319067,1
1166,319070,0.5
1167,319139,3
1168,319150,3
1169,319157,1.5
1170,319196,0.5
1171,319197,1.5
1172,319231,0
1173,319243,3
1174,319272,3
1175,319290,3
1176,319293,0.5
1177,319299,1.5
1178,319381,3
1179,319385,1.5
1180,319393,3
1181,319395,0.5
1182,319397,2
1183,319400,2
1184,319402,1
1185,319452,1
1186,319453,2
1187,319499,3
1188,320068,3
1189,320124,3
1190,320254,3
1191,320281,3
1192,321022,3
1193,321035,1
1194,321059,1
1195,321146,0.5
1196,321207,3
1197,322910,3
1198,323133,3
1199,323194,3
1200,323224,3
1201,323242,-9
1202,323329,2
1203,323504,2
1204,323505,2.5
1205,323507,3
1206,323541,1
1207,323558,1.5
1208,323566,0
1209,323575,3
1210,323577,3
1211,323593,0.5
1212,323854,1.5
1213,323855,2.5
1214,323874,3
1215,323888,3
1216,324157,-9
1217,324179,3
1218,324323,3
1219,324351,1.5
1220,324753,3
1221,324799,3
1222,324865,3
1223,324963,2
1224,325001,3
1225,325007,2
1226,325321,1
1227,325376,3
1228,325378,2
1229,325390,3
1230,325441,5
1231,325467,0.5
1232,325533,2.5
1233,325536,2.5
1234,345646,3
1235,345682,3
1236,345754,1.5
1237,345758,0
1238,345767,0.5
1239,345820,1.5
1240,345845,0
1241,345848,0
1242,346046,1
1243,346257,3
1244,346440,3
1245,346475,3
1246,346504,1.5
1247,346623,0.5
1248,346680,3
1249,346718,3
1250,346752,2
1251,346793,3
1252,346837,0
1253,346839,1
1254,346842,3
1255,346861,3
1256,346887,0.5
1257,346890,1
1258,346892,2
1259,346894,1.5
1260,347263,3
1261,347432,1
1262,347470,2
1263,347471,0.5
1264,347522,3
1265,347570,3
1266,347571,2.5
1267,347769,2.5
1268,348048,2
1269,348115,1
1270,348116,2
1271,348118,2
1272,365316,3
1273,365334,2
1274,370997,0.5
1275,371037,3
1276,371145,1.5
1277,371170,2
1278,371171,0
1279,371172,0
1280,371227,-9
1281,371633,2
1282,371714,1.5
1283,371750,3
1284,371789,2
1285,371882,0.5
1286,371889,1.5
1287,371943,1.5
1288,371959,3
1289,371976,1
1290,372074,3
1291,372105,1.5
1292,372123,0
1293,372129,3
1294,372133,0.5
1295,372320,3
1296,372374,3
1297,372384,-9
1298,372408,1
1299,372446,-9
1300,372452,0.5
1301,372541,3
1302,372568,2.5
1303,372599,2.5
1304,373105,1.5
1305,373163,0
1306,373168,0
1307,373173,1
1308,373202,3
1309,373237,0
1310,373248,3
1311,373284,2
1312,375376,3
1313,375402,3
1314,375531,3
1315,375560,0.5
1316,375564,1
1317,375610,3
1318,375615,0.5
1319,375751,2
1320,375904,3
1321,376001,-9
1322,376033,0
1323,376097,1
1324,376121,2
1325,376136,3
1326,376161,3
1327,376163,3
1328,376165,3
1329,376184,3
1330,376185,3
1331,376282,3
1332,376293,2
1333,376340,3
1334,376379,3
1335,376478,3
1336,376587,2.5
1337,376679,2
1338,376703,0
1339,376802,2
1340,376990,2.5
1341,377348,3
1342,377562,1.5
1343,377597,2.5
1344,377666,1.5
1345,377710,0.5
1346,377892,3
1347,377962,3
1348,378060,3
1349,378104,1
1350,378142,3
1351,380578,0
1352,380682,3
1353,380697,1
1354,380734,0
1355,381156,1.5
1356,381157,1
1357,381159,2.5
1358,381160,1
1359,381206,0
1360,381207,1
1361,381215,3
1362,381219,0.5
1363,381221,1
1364,381225,3
1365,381229,0
1366,381502,3
1367,381802,3
1368,381979,1
1369,382152,2.5
1370,382154,0
1371,382158,1
1372,382505,0
1373,382538,1
1374,382563,0.5
1375,382631,2.5
1376,382659,1
1377,382731,2.5
1378,382764,3
1379,383033,3
1380,383130,3
1381,383147,1
1382,383259,2
1383,383283,2.5
1384,383318,3
1385,386264,3
1386,386268,1
1387,386285,2
1388,386286,3
1389,386316,1.5
1390,386366,2
1391,386402,2
1392,386431,3
1393,386673,0.5
1394,386720,2
1395,386722,0.5
1396,386892,1.5
1397,386898,2.5
1398,387041,3
1399,387042,1
1400,387080,1.5
1401,387553,0.5
1402,387675,1.5
1403,387687,3
1404,387690,3
1405,387715,1
1406,387719,3
1407,388146,1
1408,388200,2.5
1409,388390,3
1410,388424,2
1411,388451,3
1412,388476,2
1413,388479,3
1414,388513,0.5
1415,388552,1
1416,388558,1
1417,388603,3
1418,396584,2
1419,396607,2
1420,396615,1.5
1421,396621,1.5
1422,396709,2.5
1423,396781,1.5
1424,396833,2
1425,397449,3
1426,402934,3
1427,402988,-9
1428,417392,3
1429,417424,3
1430,417433,2
1431,417440,0
1432,417441,2
1433,417453,2
1434,417471,-9
1435,417486,0.5
1436,417568,3
1437,417580,0.5
1438,417678,2.5
1439,418047,3
1440,418086,1.5
1441,418624,2.5
1442,418630,1
1443,418693,1.5
1444,418725,2
1445,418737,-9
1446,418795,3
1447,418831,3
1448,418971,3
1449,419205,3
1450,419294,1
1451,419299,3
1452,419334,3
1453,419335,1
1454,419345,1
1455,419549,2.5
1456,419632,3
1457,422286,2
1458,422289,2.5
1459,422291,0
1460,422292,1
1461,422320,3
1462,422355,3
1463,422359,1.5
1464,422366,3
1465,422389,0
1466,422406,0
1467,422411,-9
1468,422436,1.5
1469,422443,1.5
1470,422446,1.5
1471,422464,3
1472,422486,3
1473,422501,3
1474,422610,3
1475,422619,3
1476,422639,3
1477,422649,2
1478,422683,3
1479,422721,3
1480,422761,2
1481,422888,3
1482,422907,-9
1483,422921,3
1484,422933,2
1485,423267,1
1486,423270,2
1487,423416,3
1488,423784,1.5
1489,457505,3
1490,457615,1.5
1491,460374,2
1492,460378,2
1493,460380,2
1494,460424,3
1495,460756,2
1496,460767,1.5
1497,463119,2.5
1498,463148,0.5
1499,463264,2
1500,463288,3
1501,463317,3
1502,463367,3
1503,463434,2.5
1504,463641,3
1505,463643,3
1506,463660,3
1507,463668,2
1508,484976,1.5
1509,485046,3
1510,485047,1.5
1511,485127,2
1512,485504,1.5
1513,485529,3
1514,485646,3
1515,485688,2.5
1516,485690,2.5
1517,485823,3
1518,485833,2
1519,485834,2.5
1520,485882,2
1521,485883,0.5
1522,485885,3
1523,485919,2
1524,485921,0
1525,485922,2.5
1526,485924,2
1527,486092,3
1528,486213,3
1529,486275,2
1530,486276,2
1531,486782,3
1532,486834,2.5
1533,486872,2
1534,486957,2
1535,487010,3
1536,487019,2.5
1537,487027,3
1538,487060,1.5
1539,487175,3
1540,491457,1
1541,491460,3
1542,491475,3
1543,491508,1
1544,491509,2
1545,491552,3
1546,491608,3
1547,491743,3
1548,491887,2
1549,491956,3
1550,491960,2
1551,492384,2
1552,492411,0
1553,492414,3
1554,492486,0
1555,492690,0.5
1556,492883,1.5
1557,492941,0
1558,492957,3
1559,493028,0.5
1560,493621,2.5
1561,493702,5
1562,493811,3
1563,493812,3
1564,493825,3
1565,493832,2.5
1566,493838,1
1567,496966,3
1568,496978,3
1569,497035,0.5
1570,504713,2.5
1571,504730,1
1572,504877,1
1573,504879,0.5
1574,504882,2.5
1575,504922,-9
1576,505316,2
1577,505341,1
1578,505765,0
1579,505788,2
1580,505817,3
1581,505828,2
1582,505979,2.5
1583,506038,3
1584,506070,3
1585,506119,0
1586,507721,0
1587,508132,1
1588,508138,1.5
1589,508144,1.5
1590,508180,0.5
1591,508184,1.5
1592,508268,0.5
1593,508312,1.5
1594,508315,1.5
1595,508351,2
1596,508352,2.5
1597,508412,3
1598,508414,3
1599,508416,3
1600,508421,2
1601,508480,3
1602,508481,3
1603,508568,1.5
1604,508593,0.5
1605,508632,0.5
1606,508680,3
1607,508682,3
1608,508751,0.5
1609,508906,-9
1610,508908,2
1611,508938,3
1612,509012,2.5
1613,509075,0
1614,509080,1
1615,509397,2
1616,509444,3
1617,509516,3
1618,509557,3
1619,509576,3
1620,509670,3
1621,509726,3
1622,509727,3
1623,509852,3
1624,509892,3
1625,511456,2.5
1626,511789,3
1627,511863,2.5
1628,511864,-9
1629,511867,2.5
1630,511890,1.5
1631,511892,1
1632,511921,3
1633,511923,-9
1634,512170,2
1635,512197,1.5
1636,512204,2
1637,512254,3
1638,512312,1
1639,512524,3
1640,513001,3
1641,513066,3
1642,513108,3
1643,513236,3
1644,513267,3
1645,514022,1.5
1646,514029,2.5
1647,514212,3
1648,514214,0
1649,514218,1
1650,514260,3
1651,516973,2
1652,517046,3
1653,517070,3
1654,517130,3
1655,517164,2
1656,517167,3
1657,517205,0
1658,517211,1
1659,517212,1
1660,517244,1.5
1661,517247,2.5
1662,517249,3
1663,517256,3
1664,517273,3
1665,517278,0.5
1666,517279,0
1667,517295,-9
1668,517302,1.5
1669,517306,3
1670,517307,3
1671,517310,3
1672,517334,-9
1673,517465,1
1674,517594,3
1675,517802,3
1676,517868,3
1677,517960,3
1678,518026,3
1679,518041,2
1680,518755,2
1681,518782,2
1682,518829,0.5
1683,518870,3
1684,519089,3
1685,519141,0.5
1686,521719,3
1687,521736,2.5
1688,521753,3
1689,521768,2.5
1690,521794,1
1691,521823,0
1692,521894,3
1693,521898,3
1694,521991,2.5
1695,521997,2
1696,522033,1
1697,522127,3
1698,522166,3
1699,527984,2
1700,534654,2.5
1701,534655,0.5
1702,534710,2.5
1703,534753,2.5
1704,534759,3
1705,534760,0
1706,534763,1
1707,534793,5
1708,534885,3
1709,534904,1
1710,535007,3
1711,535135,1.5
1712,535157,3
1713,535283,3
1714,535387,2
1715,535417,3
1716,535429,2
1717,535974,3
1718,536087,3
1719,536173,3
1720,536201,3
1721,536235,0.5
1722,536332,2.5
1723,536363,3
1724,536454,0
1725,536463,1
1726,536625,2.5
1727,536626,3
1728,536784,3
1729,536963,0.5
1730,536994,1
1731,537084,1
1732,537163,3
1733,537171,3
1734,537187,3
1735,537226,2
1736,537240,3
1737,537317,2.5
1738,537361,2
1739,537365,1
1740,537367,5
1741,537386,3
1742,537399,3
1743,537417,3
1744,537426,2
1745,537467,1
1746,537476,3
1747,543489,0
1748,543491,3
1749,543494,3
1750,543498,2
1751,543499,1.5
1752,543501,1
1753,543531,0.5
1754,543536,-9
1755,543537,0
1756,543552,1.5
1757,543553,0.5
1758,543554,1.5
1759,543738,3
1760,543752,3
1761,543763,3
1762,543769,3
1763,543797,2
1764,543812,3
1765,543859,1.5
1766,543860,3
1767,543895,2.5
1768,543998,2
1769,544084,3
1770,544749,1
1771,544812,3
1772,544853,3
1773,544958,2.5
1774,545157,3
1775,545306,3
1776,545411,3
1777,545903,1
1778,545925,3
1779,545986,3
1780,546043,3
1781,546073,3
1782,548739,3
1783,548835,0.5
1784,548872,1.5
1785,548914,2
1786,548946,2
1787,548947,2.5
1788,549070,0.5
1789,549180,2.5
1790,549182,3
1791,549216,3
1792,549296,0
1793,549313,-9
1794,550328,2
1795,550330,3
1796,550353,3
1797,550431,3
1798,550582,2.5
1799,550677,3
1800,550780,2
1801,550781,1
1802,550844,2.5
1803,551192,3
1804,551202,3
1805,551332,2.5
1806,551350,3
1807,551368,5
1808,551488,2
1809,551505,0.5
1810,551507,2
1811,551619,0
1812,551655,2
1813,551656,2
1814,551672,3
1815,558861,3
1816,558887,3
1817,559061,3
1818,559250,0.5
1819,559292,3
1820,559300,3
1821,559477,3
1822,559490,0
1823,559495,3
1824,559574,3
1825,559584,3
1826,559609,3
1827,560206,1.5
1828,560208,3
1829,560238,1.5
1830,560333,3
1831,560341,1
1832,560405,3
1833,560407,2.5
1834,560718,3
1835,560779,3
1836,560883,1.5
1837,560946,3
1838,560982,0.5
1839,561020,2
1840,561143,3
1841,561488,1.5
1842,561856,2
1843,561891,3
1844,567445,1.5
1845,567545,2
1846,567586,3
1847,567598,2
1848,567624,3
1849,567676,3
1850,567678,2
1851,567682,3
1852,567736,3
1853,567750,3
1854,567760,3
1855,567876,3
1856,567983,3
1857,568549,2
1858,568817,-9
1859,569433,3
1860,569466,2
1861,569555,1.5
1862,570033,3
1863,570090,2.5
1864,570110,3
1865,570114,3
1866,570119,3
1867,570174,3
1868,570197,2.5
1869,570203,0.5
1870,570206,1.5
1871,570207,1
1872,570214,-9
1873,570227,2
1874,570233,3
1875,570240,1
1876,570364,3
1877,572402,2.5
1878,573586,2.5
1879,573617,1.5
1880,573620,3
1881,573621,2
1882,573625,2
1883,573736,3
1884,573756,3
1885,573776,2.5
1886,573872,3
1887,573915,2.5
1888,574008,3
1889,574029,3
1890,574193,3
1891,574200,3
1892,574285,2
1893,574313,3
1894,574423,0.5
1895,574572,3
1896,574617,2
1897,574692,3
1898,574934,3
1899,575097,3
1900,575339,0
1901,575532,2
1902,575579,3
1903,575623,3
1904,575625,2
1905,575670,2.5
1906,583427,2
1907,583443,3
1908,583479,3
1909,583508,3
1910,583551,3
1911,583637,2
1912,583716,3
1913,583723,0
1914,583744,3
1915,584013,2
1916,584682,1
1917,584731,3
1918,585035,3
1919,585121,3
1920,585196,0.5
1921,585215,0
1922,585226,3
1923,585231,3
1924,585314,3
1925,585359,2.5
1926,585386,2
1927,585420,3
1928,585422,3
1929,585561,-9
1930,585659,3
1931,585694,3
1932,585755,2
1933,586326,3
1934,586330,1
1935,586494,3
1936,592216,2.5
1937,592294,1
1938,592401,3
1939,592419,1
1940,592421,2
1941,592466,3
1942,592542,3
1943,592835,3
1944,592858,1.5
1945,592863,3
1946,592999,2.5
1947,593117,2.5
1948,593526,3
1949,593642,1.5
1950,593645,3
1951,593680,3
1952,593682,3
1953,593813,1
1954,594049,0
1955,594053,1.5
1956,594059,3
1957,594265,3
1958,594313,2
1959,594364,3
1960,594674,3
1961,594723,3
1962,594731,3
1963,594785,3
1964,594834,2
1965,594906,3
1966,594918,3
1967,594946,0.5
1968,594964,3
1969,594967,3
1970,594970,3
1971,594986,3
1972,594990,1.5
1973,594992,5
1974,595027,3
1975,595060,2
1976,595088,3
1977,598911,3
1978,598968,3
1979,598999,2
1980,599095,3
1981,599134,3
1982,599310,2
1983,599329,3
1984,599582,2.5
1985,599689,0.5
1986,599761,2
1987,599834,0
1988,599838,0
1989,599839,3
1990,599846,2.5
1991,599862,3
1992,599873,3
1993,599877,2
1994,600014,3
1995,600026,2.5
1996,600030,2
1997,600312,3
1998,600417,2
1999,600595,-9
2000,600743,0.5
2001,600882,0.5
2002,600915,1
2003,600916,2.5
2004,600929,1
2005,600973,0.5
2006,600974,3
2007,600977,2
2008,601013,1
2009,601018,1.5
2010,601095,0.5
2011,601102,1.5
2012,601105,1.5
2013,601157,3
2014,601210,1
2015,601255,2
2016,601283,0
2017,601323,2
2018,601395,-9
2019,609307,2.5
2020,609330,1
2021,609358,1.5
2022,609396,2.5
2023,609433,3
2024,609571,3
2025,609598,3
2026,609912,2
2027,609948,1.5
2028,610054,2.5
2029,610396,1.5
2030,610398,3
2031,610404,1
2032,610474,2
2033,610545,2
2034,610700,3
2035,610816,3
2036,610846,2
2037,610893,3
2038,610997,3
2039,611002,3
2040,611051,3
2041,611094,3
2042,611220,2
2043,611223,3
2044,611629,2.5
2045,611647,3
2046,617655,3
2047,617665,-9
2048,617945,3
2049,617989,1.5
2050,618071,3
2051,618100,1
2052,618108,2
2053,618116,2
2054,618142,1
2055,618143,1.5
2056,618144,1
2057,618151,0
2058,618152,3
2059,618220,2
2060,618904,1.5
2061,618906,1.5
2062,618912,0.5
2063,618929,0
2064,618930,0.5
2065,618931,0
2066,618935,3
2067,618937,0.5
2068,618938,1
2069,618941,1
2070,618942,0
2071,618947,0.5
2072,618952,1.5
2073,618976,1
2074,618988,1
2075,618992,2
2076,618993,2
2077,619046,3
2078,619094,3
2079,619095,2.5
2080,619097,2
2081,619098,3
2082,619104,3
2083,619105,3
2084,619220,3
2085,619224,3
2086,619258,0
2087,619553,3
2088,619737,3
2089,619989,2.5
2090,619995,3
2091,620034,2.5
2092,620087,3
2093,620091,-9
2094,620092,2.5
2095,620098,2.5
2096,621988,2
2097,622084,3
2098,622228,2
2099,622305,2
2100,622333,3
2101,622350,0
2102,622394,3
2103,622429,1.5
2104,622434,2
2105,622534,3
2106,622588,3
2107,622596,2
2108,622694,2
2109,622744,3
2110,622770,1.5
2111,622787,1
2112,622858,3
2113,622982,3
2114,623017,0.5
2115,623043,1
2116,623143,1.5
2117,623144,2
2118,623161,2
2119,623272,2
2120,623366,2.5
2121,623432,2
2122,623620,3
2123,623641,3
2124,623679,2.5
2125,623712,3
2126,623722,3
2127,623726,3
2128,663440,0.5
2129,695871,3
2130,718921,2.5
2131,751043,3
2132,760733,3
2133,3622327,3
2134,3623223,3
2135,3628218,0.5
2136,3628809,3
2137,3630097,2
2138,3630239,3
2139,3630943,1.5
2140,3631885,1.5
2141,3631902,2
2142,3632384,3
2143,3634556,0
2144,3894635,2
2145,3895257,2.5
2146,3895503,-9
2147,3895823,2.5
2148,3896912,3
2149,3897281,1.5
2150,3913888,1
2151,9008500001,0
2152,9008500002,0
2153,9008500004,1.5
2154,9008500007,0
2155,9008500018,0.5
2156,9008500020,0
2157,9008500022,0.5
2158,9008500024,0.5
2159,9008500034,1
2160,9008500042,0
2161,9008500043,3
2162,9008500059,0
2163,9008500062,2
2164,9008500064,0
2165,9008500067,1
2166,9008500068,0
2167,9008500069,1
2168,9008500070,1
2169,9008500074,3
2170,9008500077,0
2171,9008500080,1.5
2172,9008500082,1
2173,9008500083,1
2174,9008500084,2.5
2175,9008500089,1
2176,9008500093,1
2177,9008500096,0
2178,9008500099,-9
2179,9008500100,1.5
2180,9008500103,2
2181,9008500105,1
2182,9008500107,2.5
2183,9008500110,1
2184,9008500114,0
2185,9008500117,2.5
2186,9008500118,0
2187,9008500120,-9
2188,9008500122,0.5
2189,9008500128,1.5
2190,9008500130,0.5
2191,9008500134,0.5
2192,9008500135,0.5
2193,9008500137,1.5
2194,9008500138,0
2195,9008500139,0
2196,9008500141,2.5
2197,9008500145,0
2198,9008500158,1.5
2199,9008500160,0.5
2200,9008500161,3
2201,9008500166,1.5
2202,9008500169,0
2203,9008500171,1
2204,9008500172,1
2205,9008500175,1.5
2206,9008500181,3
2207,9008500182,0
2208,9008500185,3
2209,9008500190,0
2210,9008500193,0.5
2211,9008500196,1
2212,9008500197,0.5
2213,9008500204,1.5
2214,9008500205,3
2215,9008500208,0.5
2216,9008500209,2
2217,9008500210,1
2218,9008500220,1
2219,9008500221,1.5
2220,9008500224,1
2221,9008500225,0
2222,9008500227,1
2223,9008500228,2
2224,9008500234,0
2225,9008500236,1
2226,9008500237,1
2227,9008500239,1
2228,9008500240,0.5
2229,9008500245,0.5
2230,9008500246,1
2231,9008500249,0.5
2232,9008500251,1
2233,9008500256,1
2234,9008500264,2.5
2235,9008500268,2
2236,9008500282,1
2237,9008500292,1
2238,9008500296,1
2239,9008500302,1
2240,9008500303,0
2241,9008500307,0
2242,9008500314,1
2243,9008500316,2
2244,9008500318,2.5
2245,9008500323,1.5
2246,9008500326,1.5
2247,9008500328,0
2248,9008500333,0
2249,9008500339,0.5
2250,9008500347,0
2251,9008500351,0.5
2252,9008500356,2
2253,9008500359,0.5
2254,9008500362,1
2255,9008500365,0
2256,9008500376,2
2257,9008500391,1
2258,9008500394,1
2259,9008500398,1.5
2260,9008500405,1
2261,9008500450,1.5
2262,9008500454,3
2263,9008500461,3
2264,9008500463,1.5
2265,9008500472,3
2266,9008500477,1.5
2267,9008500492,1.5
2268,9008500500,2.5
2269,9008500511,1.5
2270,9008500516,1.5
2271,9008500524,1
2272,9008500533,0.5
2273,9008500535,2
2274,9008500542,0.5
2275,9008500586,1
2276,9008500615,1.5
2277,9008500624,3
2278,9008500631,0.5
2279,9008500643,1.5
2280,9008500646,2
2281,9008500663,0.5
2282,9008500673,2
2283,9008500679,1.5
2284,9008500681,3
2285,9008500688,0
2286,9008500689,3
2287,9008500690,1
2288,9008500701,2
2289,9008500716,1.5
2290,9008500717,3
2291,9008500722,1.5
2292,9008500723,1.5
2293,9008500724,1.5
2294,9008500730,1.5
2295,9008500731,1
2296,9008500735,1
2297,9008500744,1
2298,9008500748,3
2299,9008500751,-9
2300,9008500753,0.5
2301,9008500759,1
2302,9008500777,1
2303,9008500783,2.5
2304,9008500795,1.5
2305,9008500805,3
2306,9008500829,0
2307,9008500848,1
2308,9008500857,3
2309,9008500862,1
2310,9008500868,0
2311,9008500890,1.5
2312,9008500892,0
2313,9008500893,0.5
2314,9008500897,0.5
2315,9008500907,2.5
2316,9008500938,2
2317,9008500939,1.5
2318,9008500951,1
2319,9008500968,0
2320,9008501016,1.5
2321,9008501024,-9
2322,9008501028,1
2323,9008501058,0.5
2324,9008501077,0
2325,9008501098,1.5
2326,9008501218,1.5
2327,9011900001,0
2328,9011900002,0
2329,9011900003,1.5
2330,9011900005,1
2331,9011900006,0
2332,9011900009,0.5
2333,9011900012,0.5
2334,9011900013,0.5
2335,9011900014,2.5
2336,9011900017,-9
2337,9011900019,-9
2338,9011900020,2.5
2339,9011900024,0
2340,9011900025,1
2341,9011900026,1
2342,9011900030,2
2343,9011900034,0.5
2344,9011900037,1.5
2345,9011900038,-9
2346,9011900044,-9
2347,9011900045,0.5
2348,9011900048,1
2349,9011900049,1
2350,9011900051,0
2351,9011900054,0.5
2352,9011900057,1
2353,9011900060,0.5
2354,9011900068,-9
2355,9011900072,1.5
2356,9011900073,0
2357,9011900074,0
2358,9011900082,1
2359,9011900084,2
2360,9011900086,0.5
2361,9011900087,3
2362,9011900091,1
2363,9011900096,1
2364,9011900097,1
2365,9011900100,2
2366,9011900101,2.5
2367,9011900103,1.5
2368,9011900113,2.5
2369,9011900115,-9
2370,9011900117,3
2371,9011900118,1
2372,9011900121,1.5
2373,9011900123,1
2374,9011900125,2
2375,9011900127,0.5
2376,9011900128,3
2377,9011900137,1
2378,9011900138,1.5
2379,9011900144,2.5
2380,9011900147,2
2381,9011900150,2
2382,9011900152,3
2383,9011900156,0.5
2384,9011900157,0.5
2385,9011900161,-9
2386,9011900163,1.5
2387,9011900165,1
2388,9011900166,3
2389,9011900168,0.5
2390,9011900170,1
2391,9011900174,-9
2392,9011900175,0.5
2393,9011900183,0
2394,9011900186,1
2395,9011900189,0
2396,9011900196,1.5
2397,9011900198,0.5
2398,9011900201,1
2399,9011900202,1
2400,9011900208,2.5
2401,9011900210,1.5
2402,9011900211,1.5
2403,9011900216,0
2404,9011900217,1
2405,9011900218,1.5
2406,9011900222,1
2407,9011900225,3
2408,9011900228,2.5
2409,9011900232,1.5
2410,9011900233,0.5
2411,9011900238,-9
2412,9011900241,-9
2413,9011900242,2
2414,9011900245,-9
2415,9011900247,1.5
2416,9011900250,1
2417,9011900251,0.5
2418,9011900254,0
2419,9011900261,0.5
2420,9011900263,0.5
2421,9011900264,1.5
2422,9011900265,1.5
2423,9011900271,3
2424,9011900272,0.5
2425,9011900273,1.5
2426,9011900274,1
2427,9011900279,1
2428,9011900281,0.5
2429,9011900285,1
2430,9011900287,0.5
2431,9011900288,2.5
2432,9011900298,0.5
2433,9011900302,1.5
2434,9011900304,0.5
2435,9011900309,-9
2436,9011900312,0
2437,9011900314,0.5
2438,9011900321,1
2439,9011900322,1.5
2440,9011900325,0
2441,9011900328,0
2442,9011900329,0.5
2443,9011900330,2.5
2444,9011900338,1.5
2445,9011900340,1.5
2446,9011900342,1.5
2447,9011900343,1.5
2448,9011900347,2
2449,9011900348,3
2450,9011900351,1.5
2451,9011900353,1.5
2452,9011900364,3
2453,9011900365,0.5
2454,9011900367,2
2455,9011900371,1.5
2456,9011900376,1.5
2457,9011900383,1
2458,9011900392,-9
2459,9011900404,1.5
2460,9011900407,0.5
2461,9011900413,0.5
2462,9011900418,0
2463,9011900421,0.5
2464,9011900422,0.5
2465,9011900429,0.5
2466,9011900430,0
2467,9011900438,0
2468,9011900440,1
2469,9011900441,2
2470,9011900450,2
2471,9011900451,1
2472,9011900453,1.5
2473,9011900459,0.5
2474,9011900460,1.5
2475,9011900462,1
2476,9011900475,0
2477,9011900476,-9
2478,9011900479,1
2479,9011900492,0.5
2480,9011900498,0.5
2481,9011900500,1
2482,9011900511,3
2483,9011900519,2
2484,9011900520,-9
2485,9011900521,2
2486,9011900529,1.5
2487,9011900535,1
2488,9011900538,1
2489,9011900539,1.5
2490,9011900547,0
2491,9011900554,0.5
2492,9011900557,1
2493,9011900558,2.5
2494,9011900584,2
2495,9011900590,0.5
2496,9011900592,1.5
2497,9011900599,2
2498,9011900609,1.5
2499,9011900614,3
2500,9011900617,1
2501,9011900622,1
2502,9011900630,1.5
2503,9011900671,2.5
2504,9011900680,1
2505,9011900684,-9
2506,9011900691,2.5
2507,9011900696,-9
2508,9011900708,1.5
2509,9011900711,0
2510,9011900714,2
2511,9011900735,3
2512,9011900752,3
2513,9011900757,0.5
2514,9011900759,2.5
2515,9011900772,3
2516,9011900774,3
2517,9011900776,2
2518,9011900783,3
2519,9011900785,0.5
2520,9011900789,1.5
2521,9011900793,1.5
2522,9011900807,1.5
2523,9011900816,1.5
2524,9011900837,2.5
2525,9011900859,2
2526,9011900865,2.5
2527,9011900874,0
2528,9011900885,1.5
2529,9011900934,1.5
2530,9016800001,0
2531,9016800002,0
2532,9016800008,2
2533,9016800009,0.5
2534,9016800010,0.5
2535,9016800013,1.5
2536,9016800014,1
2537,9016800024,1
2538,9016800037,0
2539,9016800038,0
2540,9016800039,1
2541,9016800041,0.5
2542,9016800047,1
2543,9016800056,1
2544,9016800061,0.5
2545,9016800063,-9
2546,9016800065,2
2547,9016800069,1.5
2548,9016800071,0.5
2549,9016800072,1
2550,9016800074,3
2551,9016800079,1.5
2552,9016800080,1
2553,9016800084,1
2554,9016800087,1
2555,9016800089,2
2556,9016800092,2.5
2557,9016800093,2
2558,9016800094,0.5
2559,9016800095,2.5
2560,9016800105,3
2561,9016800106,0
2562,9016800109,2.5
2563,9016800110,2
2564,9016800113,1.5
2565,9016800123,2.5
2566,9016800130,1
2567,9016800131,1.5
2568,9016800138,0.5
2569,9016800143,-9
2570,9016800144,3
2571,9016800147,2
2572,9016800153,1.5
2573,9016800156,0
2574,9016800160,1.5
2575,9016800163,3
2576,9016800167,2
2577,9016800171,1.5
2578,9016800185,3
2579,9016800186,3
2580,9016800187,0.5
2581,9016800197,0
2582,9016800216,2.5
2583,9016800219,3
2584,9016800222,1
2585,9016800228,1.5
2586,9016800229,1
2587,9016800231,-9
2588,9016800232,3
2589,9016800234,1.5
2590,9016800236,0
2591,9016800241,1.5
2592,9016800245,3
2593,9016800246,2.5
2594,9016800259,1
2595,9016800263,2.5
2596,9016800266,3
2597,9016800272,1
2598,9016800274,3
2599,9016800275,0
2600,9016800276,1.5
2601,9016800287,3
2602,9016800303,0
2603,9016800304,1.5
2604,9016800308,1.5
2605,9016800314,3
2606,9016800317,1.5
2607,9016800318,2.5
2608,9016800321,2
2609,9016800323,2
2610,9016800343,2
2611,9016800346,-9
2612,9016800351,2.5
2613,9016800356,3
2614,9016800358,2.5
2615,9016800385,3
2616,9016800386,3
2617,9016800393,2
2618,9016800396,2.5
2619,9016800412,1
2620,9016800416,1
2621,9016800424,3
2622,9016800425,2.5
2623,9016800428,2
2624,9016800440,1.5
2625,9016800559,2
2626,9044200001,0
2627,9044200004,0.5
2628,9044200007,0
2629,9044200015,1
2630,9044200025,0
2631,9044200027,0.5
2632,9044200028,1.5
2633,9044200032,0.5
2634,9044200042,2
2635,9044200047,2.5
2636,9044200057,1
2637,9044200061,0
2638,9044200062,0.5
2639,9044200070,0
2640,9044200075,2.5
2641,9044200079,0.5
2642,9044200090,1
2643,9044200091,0.5
2644,9044200104,1.5
2645,9044200107,1
2646,9044200121,3
2647,9044200130,1
2648,9044200138,-9
2649,9044200140,1
2650,9044200147,3
2651,9044200148,0
2652,9044200155,1
2653,9044200158,0
2654,9044200170,1
2655,9044200175,0
2656,9044200176,1
2657,9044200179,1.5
2658,9044200188,-9
2659,9044200195,1.5
2660,9044200204,1.5
2661,9044200205,1
2662,9044200215,1
2663,9044200217,1.5
2664,9044200248,3
2665,9044200249,2.5
2666,9044200269,1.5
2667,9044200290,3
2668,9044200305,2.5
2669,9044200316,1.5
2670,9044200348,1.5
2671,9044200383,1
2672,9044200446,3
2673,9091700001,0
2674,9091700002,0
2675,9091700005,0
2676,9091700014,1.5
2677,9091700022,1.5
2678,9091700024,0
2679,9091700025,0
2680,9091700033,1.5
2681,9091700034,-9
2682,9091700037,0
2683,9091700038,1
2684,9091700047,0.5
2685,9091700061,0.5
2686,9091700062,-9
2687,9091700063,1.5
2688,9091700076,1.5
2689,9091700089,3
2690,9091700092,0.5
2691,9091700107,0.5
2692,9091700111,1
2693,9091700123,3
2694,9091700135,2
2695,9091700137,3
2696,9091700139,-9
2697,9091700141,-9
2698,9091700143,0.5
2699,9091700152,2.5
2700,9091700200,3
2701,9091700201,-9
2702,9091700202,3
2703,9091700225,1.5
2704,9091700231,1.5
2705,9091700242,1
2706,9091700393,2
2707,9091700399,-9
2708,9091700404,2.5
2709,9091700444,3
2710,9091700469,1
2711,9091700725,1
2712,9091700733,0
2713,9091701020,0
2714,9091701222,0.5
2715,9091701454,1.5
2716,9239900001,1
2717,9239900002,3
2718,9239900003,1
2719,9239900004,1
2720,9239900009,1
2721,9239900010,0
2722,9239900011,0.5
2723,9239900012,0
2724,9239900013,1
2725,9239900017,1
2726,9239900019,0.5
2727,9239900020,0
2728,9239900024,1.5
2729,9239900034,1
2730,9239900035,1.5
2731,9239900038,2.5
2732,9239900039,0.5
2733,9239900040,-9
2734,9239900054,0
2735,9239900056,0
2736,9239900060,2
2737,9239900063,2.5
2738,9239900067,0
2739,9239900068,0
2740,9239900071,2.5
2741,9239900082,2
2742,9239900088,1
2743,9239900100,1
2744,9239900105,1.5
2745,9239900106,-9
2746,9239900107,1.5
2747,9239900108,0
2748,9239900112,1.5
2749,9239900114,1
2750,9239900117,1.5
2751,9239900118,2
2752,9239900119,2
2753,9239900120,2
2754,9239900122,0
2755,9239900125,1
2756,9239900126,0
2757,9239900127,1
2758,9239900131,1.5
2759,9239900135,1.5
2760,9239900136,1
2761,9239900138,0
2762,9239900141,3
2763,9239900142,3
2764,9239900145,1
2765,9239900146,3
2766,9239900147,0
2767,9239900150,1
2768,9239900152,0.5
2769,9239900155,3
2770,9239900161,1.5
2771,9239900167,1
2772,9239900169,1.5
2773,9239900175,1
2774,9239900178,1.5
2775,9239900180,3
2776,9239900182,2
2777,9239900185,1.5
2778,9239900196,0
2779,9239900202,0
2780,9239900205,0
2781,9239900208,2.5
2782,9239900211,1
2783,9239900212,2
2784,9239900222,3
2785,9239900236,1.5
2786,9239900237,2.5
2787,9239900242,0
2788,9239900246,2
2789,9239900248,1.5
2790,9239900256,0
2791,9239900268,2
2792,9239900272,3
2793,9239900277,0
2794,9239900289,1.5
2795,9239900293,1.5
2796,9239900300,1
2797,9239900315,1.5
2798,9239900327,3
2799,9239900337,2
2800,9239900342,-9
2801,9239900345,0.5
2802,9239900346,-9
2803,9239900354,1
2804,9239900357,3
2805,9239900362,1
2806,9239900366,3
2807,9239900370,2.5
2808,9239900385,1.5
2809,9239900386,1.5
2810,9239900390,1
2811,9239900395,2
2812,9239900398,1
2813,9239900403,0.5
2814,9239900408,2
2815,9239900416,3
2816,9239900446,2
2817,9239900457,1
2818,9239900465,2
2819,9239900478,1.5
2820,9239900492,0
2821,9239900501,1.5
2822,9239900536,3
2823,9239900540,0
2824,9239900555,0.5
2825,9239900565,3
2826,9239900567,0.5
2827,9239900579,-9
2828,9239900588,1
2829,9239900615,3
2830,9239900630,2.5
2831,9239900641,1.5
2832,9239900643,2.5
2833,9239900645,0
2834,9239900659,2.5
2835,9239900663,2
2836,9239900778,3
2837,9239900803,2.5
2838,9239900821,1.5
2839,9239900827,2.5
2840,9239900852,2.5
2841,9239900947,3
2842,9239900970,0
2843,9239901001,0
2844,9239901020,0.5
2845,9239901025,1.5
2846,9239901098,2.5
2847,9239901116,1.5
2848,9239901179,0
2849,9239901253,0.5
2850,9239901328,2
2851,9239901360,2
2852,9239901557,2
2853,9388000001,0
2854,9388000002,1
2855,9388000003,0.5
2856,9388000004,2
2857,9388000005,1.5
2858,9388000006,2
2859,9388000007,0
2860,9388000022,0.5
2861,9388000027,0
2862,9388000032,1.5
2863,9388000033,1
2864,9388000035,0
2865,9388000041,1.5
2866,9388000043,0.5
2867,9388000044,0.5
2868,9388000046,1.5
2869,9388000048,1
2870,9388000051,0
2871,9388000053,2.5
2872,9388000055,0
2873,9388000056,1
2874,9388000058,1
2875,9388000062,1
2876,9388000063,2
2877,9388000065,1
2878,9388000067,1
2879,9388000068,0
2880,9388000073,1
2881,9388000074,1.5
2882,9388000080,-9
2883,9388000084,0.5
2884,9388000088,3
2885,9388000099,1.5
2886,9388000101,1.5
2887,9388000105,1.5
2888,9388000113,3
2889,9388000120,0
2890,9388000122,0
2891,9388000124,1
2892,9388000130,1.5
2893,9388000132,2
2894,9388000135,0
2895,9388000137,0.5
2896,9388000139,2.5
2897,9388000142,1.5
2898,9388000146,1
2899,9388000156,0.5
2900,9388000160,1.5
2901,9388000190,2
2902,9388000195,0.5
2903,9388000197,1.5
2904,9388000200,0
2905,9388000219,2.5
2906,9388000248,1
2907,9388000253,1
2908,9388000256,0.5
2909,9388000266,0
2910,9388000269,1.5
2911,9388000278,1.5
2912,9388000296,1
2913,9388000297,3
2914,9388000303,1.5
2915,9388000338,2
2916,9388000343,2.5
2917,9388000360,2
2918,9388000364,3
2919,9388000373,-9
2920,9388000380,1
2921,9388000391,2
2922,9388000397,2
2923,9388000400,1.5
2924,9388000416,0
2925,9388000437,1.5
2926,9388000471,1
2927,9388000487,1.5
2928,9388000489,0
2929,9388000496,1.5
2930,9388000547,1.5
2931,9388000566,1.5
2932,9388000571,3
2933,9388000597,0
2934,9388000614,5
2935,9388000716,3
2936,9388000773,0
2937,9388000785,1
2938,9388000807,1
2939,9388000825,1
2940,9388000827,1
2941,9388000914,2
2942,9388000921,1
2943,9388000949,0
2944,9388000993,1
2945,9388001005,2
2946,9388001017,1.5
2947,9388001101,2.5
2948,9388001133,0
2949,9403800001,0
2950,9403800002,0
2951,9403800003,1
2952,9403800004,0
2953,9403800005,0
2954,9403800007,1
2955,9403800008,1
2956,9403800013,0.5
2957,9403800016,1
2958,9403800017,0.5
2959,9403800021,1.5
2960,9403800022,-9
2961,9403800023,0.5
2962,9403800025,0.5
2963,9403800026,0
2964,9403800028,5
2965,9403800029,0.5
2966,9403800032,1
2967,9403800035,0
2968,9403800044,3
2969,9403800045,1
2970,9403800047,0
2971,9403800057,0
2972,9403800064,0.5
2973,9403800073,0.5
2974,9403800077,0
2975,9403800083,2
2976,9403800086,0
2977,9403800094,-9
2978,9403800099,-9
2979,9403800101,1
2980,9403800111,-9
2981,9403800114,1.5
2982,9403800116,-9
2983,9403800117,0
2984,9403800119,0
2985,9403800120,1
2986,9403800121,0.5
2987,9403800123,0
2988,9403800131,0.5
2989,9403800135,-9
2990,9403800140,1.5
2991,9403800148,1.5
2992,9403800149,0.5
2993,9403800156,1
2994,9403800159,0.5
2995,9403800161,2
2996,9403800165,0.5
2997,9403800167,0.5
2998,9403800168,0
2999,9403800169,1.5
3000,9403800184,0
3001,9403800187,0.5
3002,9403800215,0.5
3003,9403800231,1.5
3004,9403800245,1.5
3005,9403800248,-9
3006,9403800250,0.5
3007,9403800256,1.5
3008,9403800272,2
3009,9403800283,2.5
3010,9403800295,1
3011,9403800301,0.5
3012,9403800315,-9
3013,9403800318,3
3014,9403800319,-9
3015,9403800347,0.5
3016,9403800349,1.5
3017,9403800352,3
3018,9403800359,0.5
3019,9403800371,1
3020,9403800381,1
3021,9403800390,1
3022,9403800397,2
3023,9403800404,2
3024,9403800462,0.5
3025,9403800466,1
3026,9403800473,1
3027,9403800490,2.5
3028,9403800507,0
3029,9403800520,0
3030,9403800521,1.5
3031,9403800551,2.5
3032,9403800559,1.5
3033,9403800560,1.5
3034,9403800581,-9
3035,9403800586,2
3036,9403800619,2
3037,9403800636,1
3038,9403800637,1.5
3039,9403800639,2.5
3040,9403800690,2.5
3041,9403800694,1.5
3042,9403800745,-9
3043,9403800746,0.5
3044,9403800757,1
3045,9403800763,1
3046,9403800798,0
3047,9403800813,1
3048,9403800814,2
3049,9403800833,0
3050,9403800881,2.5
3051,9403800911,0
3052,9403800929,1.5
3053,9403800958,2.5
3054,9403800968,2
3055,9403800992,3
3056,9403801002,0
3057,9403801010,1
3058,9403801061,1.5
3059,9403801062,0
3060,9403801088,2.5
3061,9403801173,2
3062,9403801183,1.5
3063,9403801268,1.5
3064,9403801272,2.5
3065,9403801281,1.5
3066,9403801368,0
3067,9403801579,0
